,Effective Date,Local Code,Name (English),Name (Japanese),Section/Products,33 Sector(Code),33 Sector(name),17 Sector(Code),17 Sector(name),Size Code (New Index Series),Size (New Index Series)
20,20210331,1332,"Nippon Suisan Kaisha,Ltd.",日本水産,First Section (Domestic),50,"Fishery, Agriculture and Forestry",1,FOODS ,4,TOPIX Mid400
21,20210331,1333,Maruha Nichiro Corporation,マルハニチロ,First Section (Domestic),50,"Fishery, Agriculture and Forestry",1,FOODS ,4,TOPIX Mid400
65,20210331,1414,"SHO-BOND Holdings Co.,Ltd.",ショーボンドホールディングス,First Section (Domestic),2050,Construction,3,CONSTRUCTION & MATERIALS ,4,TOPIX Mid400
174,20210331,1605,INPEX CORPORATION,国際石油開発帝石,First Section (Domestic),1050,Mining,2,ENERGY RESOURCES ,4,TOPIX Mid400
241,20210331,1721,COMSYS Holdings Corporation,コムシスホールディングス,First Section (Domestic),2050,Construction,3,CONSTRUCTION & MATERIALS ,4,TOPIX Mid400
271,20210331,1801,TAISEI CORPORATION,大成建設,First Section (Domestic),2050,Construction,3,CONSTRUCTION & MATERIALS ,4,TOPIX Mid400
272,20210331,1802,OBAYASHI CORPORATION,大林組,First Section (Domestic),2050,Construction,3,CONSTRUCTION & MATERIALS ,4,TOPIX Mid400
273,20210331,1803,SHIMIZU CORPORATION,清水建設,First Section (Domestic),2050,Construction,3,CONSTRUCTION & MATERIALS ,4,TOPIX Mid400
276,20210331,1808,HASEKO Corporation,長谷工コーポレーション,First Section (Domestic),2050,Construction,3,CONSTRUCTION & MATERIALS ,4,TOPIX Mid400
279,20210331,1812,KAJIMA CORPORATION,鹿島建設,First Section (Domestic),2050,Construction,3,CONSTRUCTION & MATERIALS ,4,TOPIX Mid400
283,20210331,1820,"Nishimatsu Construction Co.,Ltd.",西松建設,First Section (Domestic),2050,Construction,3,CONSTRUCTION & MATERIALS ,4,TOPIX Mid400
286,20210331,1824,MAEDA CORPORATION,前田建設工業,First Section (Domestic),2050,Construction,3,CONSTRUCTION & MATERIALS ,4,TOPIX Mid400
300,20210331,1860,TODA CORPORATION,戸田建設,First Section (Domestic),2050,Construction,3,CONSTRUCTION & MATERIALS ,4,TOPIX Mid400
307,20210331,1878,"DAITO TRUST CONSTRUCTION CO.,LTD.",大東建託,First Section (Domestic),2050,Construction,3,CONSTRUCTION & MATERIALS ,4,TOPIX Mid400
311,20210331,1883,"MAEDA ROAD CONSTRUCTION CO.,LTD.",前田道路,First Section (Domestic),2050,Construction,3,CONSTRUCTION & MATERIALS ,4,TOPIX Mid400
317,20210331,1893,"PENTA-OCEAN CONSTRUCTION CO.,LTD.",五洋建設,First Section (Domestic),2050,Construction,3,CONSTRUCTION & MATERIALS ,4,TOPIX Mid400
324,20210331,1911,"Sumitomo Forestry Co.,Ltd.",住友林業,First Section (Domestic),2050,Construction,3,CONSTRUCTION & MATERIALS ,4,TOPIX Mid400
327,20210331,1925,"DAIWA HOUSE INDUSTRY CO.,LTD.",大和ハウス工業,First Section (Domestic),2050,Construction,3,CONSTRUCTION & MATERIALS ,2,TOPIX Large70
329,20210331,1928,"Sekisui House,Ltd.",積水ハウス,First Section (Domestic),2050,Construction,3,CONSTRUCTION & MATERIALS ,2,TOPIX Large70
337,20210331,1944,KINDEN CORPORATION,きんでん,First Section (Domestic),2050,Construction,3,CONSTRUCTION & MATERIALS ,4,TOPIX Mid400
343,20210331,1951,KYOWA EXEO CORPORATION,協和エクシオ,First Section (Domestic),2050,Construction,3,CONSTRUCTION & MATERIALS ,4,TOPIX Mid400
346,20210331,1959,KYUDENKO CORPORATION,九電工,First Section (Domestic),2050,Construction,3,CONSTRUCTION & MATERIALS ,4,TOPIX Mid400
349,20210331,1963,JGC HOLDINGS CORPORATION,日揮ホールディングス,First Section (Domestic),2050,Construction,3,CONSTRUCTION & MATERIALS ,4,TOPIX Mid400
369,20210331,2002,NISSHIN SEIFUN GROUP INC.,日清製粉グループ本社,First Section (Domestic),3050,Foods,1,FOODS ,4,TOPIX Mid400
413,20210331,2127,Nihon M&A Center Inc.,日本Ｍ＆Ａセンター,First Section (Domestic),9050,Services,10,"IT & SERVICES, OTHERS ",4,TOPIX Mid400
439,20210331,2175,"SMS CO.,LTD.",エス・エム・エス,First Section (Domestic),9050,Services,10,"IT & SERVICES, OTHERS ",4,TOPIX Mid400
444,20210331,2181,"PERSOL HOLDINGS CO.,LTD.",パーソルホールディングス,First Section (Domestic),9050,Services,10,"IT & SERVICES, OTHERS ",4,TOPIX Mid400
453,20210331,2201,"Morinaga & Co.,Ltd.",森永製菓,First Section (Domestic),3050,Foods,1,FOODS ,4,TOPIX Mid400
455,20210331,2206,"Ezaki Glico Co.,Ltd.",江崎グリコ,First Section (Domestic),3050,Foods,1,FOODS ,4,TOPIX Mid400
460,20210331,2212,"YAMAZAKI BAKING CO.,LTD.",山崎製パン,First Section (Domestic),3050,Foods,1,FOODS ,4,TOPIX Mid400
469,20210331,2229,"CALBEE,Inc.",カルビー,First Section (Domestic),3050,Foods,1,FOODS ,4,TOPIX Mid400
471,20210331,2264,"MORINAGA MILK INDUSTRY CO.,LTD.",森永乳業,First Section (Domestic),3050,Foods,1,FOODS ,4,TOPIX Mid400
473,20210331,2267,"YAKULT HONSHA CO.,LTD.",ヤクルト本社,First Section (Domestic),3050,Foods,1,FOODS ,4,TOPIX Mid400
475,20210331,2269,"Meiji Holdings Co.,Ltd.",明治ホールディングス,First Section (Domestic),3050,Foods,1,FOODS ,4,TOPIX Mid400
476,20210331,2270,"MEGMILK SNOW BRAND Co.,Ltd.",雪印メグミルク,First Section (Domestic),3050,Foods,1,FOODS ,4,TOPIX Mid400
478,20210331,2282,NH Foods Ltd.,日本ハム,First Section (Domestic),3050,Foods,1,FOODS ,4,TOPIX Mid400
503,20210331,2331,"SOHGO SECURITY SERVICES CO.,LTD.",綜合警備保障,First Section (Domestic),9050,Services,10,"IT & SERVICES, OTHERS ",4,TOPIX Mid400
522,20210331,2371,"Kakaku.com,Inc.",カカクコム,First Section (Domestic),9050,Services,10,"IT & SERVICES, OTHERS ",4,TOPIX Mid400
545,20210331,2412,Benefit One Inc.,ベネフィット・ワン,First Section (Domestic),9050,Services,10,"IT & SERVICES, OTHERS ",4,TOPIX Mid400
546,20210331,2413,"M3,Inc.",エムスリー,First Section (Domestic),9050,Services,10,"IT & SERVICES, OTHERS ",2,TOPIX Large70
554,20210331,2432,"DeNA Co.,Ltd.",ディー・エヌ・エー,First Section (Domestic),9050,Services,10,"IT & SERVICES, OTHERS ",4,TOPIX Mid400
555,20210331,2433,HAKUHODO DY HOLDINGS INCORPORATED,博報堂ＤＹホールディングス,First Section (Domestic),9050,Services,10,"IT & SERVICES, OTHERS ",4,TOPIX Mid400
585,20210331,2492,Infomart Corporation,インフォマート,First Section (Domestic),9050,Services,10,"IT & SERVICES, OTHERS ",4,TOPIX Mid400
590,20210331,2501,SAPPORO HOLDINGS LIMITED,サッポロホールディングス,First Section (Domestic),3050,Foods,1,FOODS ,4,TOPIX Mid400
591,20210331,2502,"Asahi Group Holdings,Ltd.",アサヒグループホールディングス,First Section (Domestic),3050,Foods,1,FOODS ,2,TOPIX Large70
592,20210331,2503,"Kirin Holdings Company,Limited",キリンホールディングス,First Section (Domestic),3050,Foods,1,FOODS ,2,TOPIX Large70
614,20210331,2531,TAKARA HOLDINGS INC.,宝ホールディングス,First Section (Domestic),3050,Foods,1,FOODS ,4,TOPIX Mid400
636,20210331,2579,Coca-Cola Bottlers Japan Holdings Inc.,コカ・コーラ　ボトラーズジャパンホールディングス,First Section (Domestic),3050,Foods,1,FOODS ,4,TOPIX Mid400
638,20210331,2587,Suntory Beverage & Food Limited,サントリー食品インターナショナル,First Section (Domestic),3050,Foods,1,FOODS ,4,TOPIX Mid400
641,20210331,2593,"ITO EN,LTD.",伊藤園,First Section (Domestic),3050,Foods,1,FOODS ,4,TOPIX Mid400
647,20210331,2607,FUJI OIL HOLDINGS INC.,不二製油グループ本社,First Section (Domestic),3050,Foods,1,FOODS ,4,TOPIX Mid400
666,20210331,2651,"Lawson,Inc.",ローソン,First Section (Domestic),6100,Retail Trade,14,RETAIL TRADE ,4,TOPIX Mid400
677,20210331,2670,"ABC-MART,INC.",エービーシー・マート,First Section (Domestic),6100,Retail Trade,14,RETAIL TRADE ,4,TOPIX Mid400
725,20210331,2768,Sojitz Corporation,双日,First Section (Domestic),6050,Wholesale Trade,13,COMMERCIAL & WHOLESALE TRADE ,4,TOPIX Mid400
733,20210331,2784,Alfresa Holdings Corporation,アルフレッサ　ホールディングス,First Section (Domestic),6050,Wholesale Trade,13,COMMERCIAL & WHOLESALE TRADE ,4,TOPIX Mid400
742,20210331,2801,KIKKOMAN CORPORATION,キッコーマン,First Section (Domestic),3050,Foods,1,FOODS ,4,TOPIX Mid400
743,20210331,2802,"Ajinomoto Co.,Inc.",味の素,First Section (Domestic),3050,Foods,1,FOODS ,2,TOPIX Large70
747,20210331,2809,Kewpie Corporation,キユーピー,First Section (Domestic),3050,Foods,1,FOODS ,4,TOPIX Mid400
748,20210331,2810,House Foods Group Inc.,ハウス食品グループ本社,First Section (Domestic),3050,Foods,1,FOODS ,4,TOPIX Mid400
749,20210331,2811,"KAGOME CO.,LTD.",カゴメ,First Section (Domestic),3050,Foods,1,FOODS ,4,TOPIX Mid400
753,20210331,2815,"ARIAKE JAPAN Co.,Ltd.",アリアケジャパン,First Section (Domestic),3050,Foods,1,FOODS ,4,TOPIX Mid400
760,20210331,2871,NICHIREI CORPORATION,ニチレイ,First Section (Domestic),3050,Foods,1,FOODS ,4,TOPIX Mid400
763,20210331,2875,"TOYO SUISAN KAISHA,LTD.",東洋水産,First Section (Domestic),3050,Foods,1,FOODS ,4,TOPIX Mid400
771,20210331,2897,"NISSIN FOODS HOLDINGS CO.,LTD.",日清食品ホールディングス,First Section (Domestic),3050,Foods,1,FOODS ,4,TOPIX Mid400
781,20210331,2914,JAPAN TOBACCO INC.,日本たばこ産業,First Section (Domestic),3050,Foods,1,FOODS ,2,TOPIX Large70
812,20210331,3003,"Hulic Co.,Ltd.",ヒューリック,First Section (Domestic),8050,Real Estate,17,REAL ESTATE ,4,TOPIX Mid400
826,20210331,3038,"KOBE BUSSAN CO.,LTD.",神戸物産,First Section (Domestic),6050,Wholesale Trade,13,COMMERCIAL & WHOLESALE TRADE ,4,TOPIX Mid400
840,20210331,3064,"MonotaRO Co.,Ltd.",ＭｏｎｏｔａＲＯ,First Section (Domestic),6100,Retail Trade,14,RETAIL TRADE ,4,TOPIX Mid400
856,20210331,3086,"J.FRONT RETAILING Co.,Ltd.",Ｊ．フロント　リテイリング,First Section (Domestic),6100,Retail Trade,14,RETAIL TRADE ,4,TOPIX Mid400
858,20210331,3088,"Matsumotokiyoshi Holdings Co.,Ltd.",マツモトキヨシホールディングス,First Section (Domestic),6100,Retail Trade,14,RETAIL TRADE ,4,TOPIX Mid400
861,20210331,3092,"ZOZO,Inc.",ＺＯＺＯ,First Section (Domestic),6100,Retail Trade,14,RETAIL TRADE ,4,TOPIX Mid400
867,20210331,3099,Isetan Mitsukoshi Holdings Ltd.,三越伊勢丹ホールディングス,First Section (Domestic),6100,Retail Trade,14,RETAIL TRADE ,4,TOPIX Mid400
868,20210331,3101,"TOYOBO CO.,LTD.",東洋紡,First Section (Domestic),3100,Textiles and Apparels,4,RAW MATERIALS & CHEMICALS ,4,TOPIX Mid400
871,20210331,3105,Nisshinbo Holdings Inc.,日清紡ホールディングス,First Section (Domestic),3650,Electric Appliances,9,ELECTRIC APPLIANCES & PRECISION INSTRUMENTS ,4,TOPIX Mid400
878,20210331,3116,TOYOTA BOSHOKU CORPORATION,トヨタ紡織,First Section (Domestic),3700,Transportation Equipment,6,AUTOMOBILES & TRANSPORTATION EQUIPMENT ,4,TOPIX Mid400
891,20210331,3141,"WELCIA HOLDINGS CO.,LTD.",ウエルシアホールディングス,First Section (Domestic),6100,Retail Trade,14,RETAIL TRADE ,4,TOPIX Mid400
930,20210331,3197,"SKYLARK HOLDINGS CO.,LTD.",すかいらーくホールディングス,First Section (Domestic),6100,Retail Trade,14,RETAIL TRADE ,4,TOPIX Mid400
943,20210331,3231,"Nomura Real Estate Holdings,Inc.",野村不動産ホールディングス,First Section (Domestic),8050,Real Estate,17,REAL ESTATE ,4,TOPIX Mid400
976,20210331,3288,"Open House Co.,Ltd.",オープンハウス,First Section (Domestic),8050,Real Estate,17,REAL ESTATE ,4,TOPIX Mid400
977,20210331,3289,Tokyu Fudosan Holdings Corporation,東急不動産ホールディングス,First Section (Domestic),8050,Real Estate,17,REAL ESTATE ,4,TOPIX Mid400
979,20210331,3291,"Iida Group Holdings Co.,Ltd.",飯田グループホールディングス,First Section (Domestic),8050,Real Estate,17,REAL ESTATE ,4,TOPIX Mid400
1006,20210331,3349,COSMOS Pharmaceutical Corporation,コスモス薬品,First Section (Domestic),6100,Retail Trade,14,RETAIL TRADE ,4,TOPIX Mid400
1014,20210331,3360,"SHIP HEALTHCARE HOLDINGS,INC.",シップヘルスケアホールディングス,First Section (Domestic),6050,Wholesale Trade,13,COMMERCIAL & WHOLESALE TRADE ,4,TOPIX Mid400
1023,20210331,3382,"Seven & I Holdings Co.,Ltd.",セブン＆アイ・ホールディングス,First Section (Domestic),6100,Retail Trade,14,RETAIL TRADE ,1,TOPIX Core30
1028,20210331,3391,TSURUHA HOLDINGS INC.,ツルハホールディングス,First Section (Domestic),6100,Retail Trade,14,RETAIL TRADE ,4,TOPIX Mid400
1035,20210331,3401,TEIJIN LIMITED,帝人,First Section (Domestic),3100,Textiles and Apparels,4,RAW MATERIALS & CHEMICALS ,4,TOPIX Mid400
1036,20210331,3402,"TORAY INDUSTRIES,INC.",東レ,First Section (Domestic),3100,Textiles and Apparels,4,RAW MATERIALS & CHEMICALS ,2,TOPIX Large70
1037,20210331,3405,"KURARAY CO.,LTD.",クラレ,First Section (Domestic),3200,Chemicals,4,RAW MATERIALS & CHEMICALS ,4,TOPIX Mid400
1038,20210331,3407,ASAHI KASEI CORPORATION,旭化成,First Section (Domestic),3200,Chemicals,4,RAW MATERIALS & CHEMICALS ,2,TOPIX Large70
1054,20210331,3436,SUMCO CORPORATION,ＳＵＭＣＯ,First Section (Domestic),3550,Metal Products,3,CONSTRUCTION & MATERIALS ,4,TOPIX Mid400
1132,20210331,3549,"KUSURI NO AOKI HOLDINGS CO.,LTD.",クスリのアオキホールディングス,First Section (Domestic),6100,Retail Trade,14,RETAIL TRADE ,4,TOPIX Mid400
1143,20210331,3563,Sushiro Global Holdings Ltd.,スシローグローバルホールディングス,First Section (Domestic),6100,Retail Trade,14,RETAIL TRADE ,4,TOPIX Mid400
1152,20210331,3591,WACOAL HOLDINGS CORP.,ワコールホールディングス,First Section (Domestic),3100,Textiles and Apparels,4,RAW MATERIALS & CHEMICALS ,4,TOPIX Mid400
1166,20210331,3626,TIS Inc.,ＴＩＳ,First Section (Domestic),5250,Information & Communication,10,"IT & SERVICES, OTHERS ",4,TOPIX Mid400
1173,20210331,3635,"KOEI TECMO HOLDINGS CO.,LTD.",コーエーテクモホールディングス,First Section (Domestic),5250,Information & Communication,10,"IT & SERVICES, OTHERS ",4,TOPIX Mid400
1189,20210331,3659,"NEXON Co.,Ltd.",ネクソン,First Section (Domestic),5250,Information & Communication,10,"IT & SERVICES, OTHERS ",4,TOPIX Mid400
1245,20210331,3765,"GungHo Online Entertainment,Inc.",ガンホー・オンライン・エンターテイメント,First Section (Domestic),5250,Information & Communication,10,"IT & SERVICES, OTHERS ",4,TOPIX Mid400
1248,20210331,3769,"GMO Payment Gateway,Inc.",ＧＭＯペイメントゲートウェイ,First Section (Domestic),5250,Information & Communication,10,"IT & SERVICES, OTHERS ",4,TOPIX Mid400
1301,20210331,3861,Oji Holdings Corporation,王子ホールディングス,First Section (Domestic),3150,Pulp and Paper,4,RAW MATERIALS & CHEMICALS ,4,TOPIX Mid400
1302,20210331,3863,"Nippon Paper Industries Co.,Ltd.",日本製紙,First Section (Domestic),3150,Pulp and Paper,4,RAW MATERIALS & CHEMICALS ,4,TOPIX Mid400
1352,20210331,3941,"Rengo Co.,Ltd.",レンゴー,First Section (Domestic),3150,Pulp and Paper,4,RAW MATERIALS & CHEMICALS ,4,TOPIX Mid400
1398,20210331,4004,Showa Denko K.K.,昭和電工,First Section (Domestic),3200,Chemicals,4,RAW MATERIALS & CHEMICALS ,4,TOPIX Mid400
1399,20210331,4005,"SUMITOMO CHEMICAL COMPANY,LIMITED",住友化学,First Section (Domestic),3200,Chemicals,4,RAW MATERIALS & CHEMICALS ,4,TOPIX Mid400
1411,20210331,4021,Nissan Chemical Corporation,日産化学,First Section (Domestic),3200,Chemicals,4,RAW MATERIALS & CHEMICALS ,4,TOPIX Mid400
1420,20210331,4042,TOSOH CORPORATION,東ソー,First Section (Domestic),3200,Chemicals,4,RAW MATERIALS & CHEMICALS ,4,TOPIX Mid400
1421,20210331,4043,Tokuyama Corporation,トクヤマ,First Section (Domestic),3200,Chemicals,4,RAW MATERIALS & CHEMICALS ,4,TOPIX Mid400
1422,20210331,4044,"Central Glass Co.,Ltd.",セントラル硝子,First Section (Domestic),3200,Chemicals,4,RAW MATERIALS & CHEMICALS ,4,TOPIX Mid400
1423,20210331,4045,"TOAGOSEI CO.,LTD.",東亞合成,First Section (Domestic),3200,Chemicals,4,RAW MATERIALS & CHEMICALS ,4,TOPIX Mid400
1436,20210331,4061,Denka Company Limited,デンカ,First Section (Domestic),3200,Chemicals,4,RAW MATERIALS & CHEMICALS ,4,TOPIX Mid400
1437,20210331,4062,"IBIDEN CO.,LTD.",イビデン,First Section (Domestic),3650,Electric Appliances,9,ELECTRIC APPLIANCES & PRECISION INSTRUMENTS ,4,TOPIX Mid400
1438,20210331,4063,"Shin-Etsu Chemical Co.,Ltd.",信越化学工業,First Section (Domestic),3200,Chemicals,4,RAW MATERIALS & CHEMICALS ,1,TOPIX Core30
1443,20210331,4088,AIR WATER INC.,エア・ウォーター,First Section (Domestic),3200,Chemicals,4,RAW MATERIALS & CHEMICALS ,4,TOPIX Mid400
1444,20210331,4091,NIPPON SANSO HOLDINGS CORPORATION,日本酸素ホールディングス,First Section (Domestic),3200,Chemicals,4,RAW MATERIALS & CHEMICALS ,4,TOPIX Mid400
1448,20210331,4095,"NIHON PARKERIZING CO.,LTD.",日本パーカライジング,First Section (Domestic),3200,Chemicals,4,RAW MATERIALS & CHEMICALS ,4,TOPIX Mid400
1458,20210331,4114,"NIPPON SHOKUBAI CO.,LTD.",日本触媒,First Section (Domestic),3200,Chemicals,4,RAW MATERIALS & CHEMICALS ,4,TOPIX Mid400
1461,20210331,4118,KANEKA CORPORATION,カネカ,First Section (Domestic),3200,Chemicals,4,RAW MATERIALS & CHEMICALS ,4,TOPIX Mid400
1465,20210331,4151,"Kyowa Kirin Co.,Ltd.",協和キリン,First Section (Domestic),3250,Pharmaceutical,5,PHARMACEUTICAL ,4,TOPIX Mid400
1482,20210331,4182,"Mitsubishi Gas Chemical Company,Inc.",三菱瓦斯化学,First Section (Domestic),3200,Chemicals,4,RAW MATERIALS & CHEMICALS ,4,TOPIX Mid400
1483,20210331,4183,"Mitsui Chemicals,Inc.",三井化学,First Section (Domestic),3200,Chemicals,4,RAW MATERIALS & CHEMICALS ,4,TOPIX Mid400
1484,20210331,4185,JSR CORPORATION,ＪＳＲ,First Section (Domestic),3200,Chemicals,4,RAW MATERIALS & CHEMICALS ,4,TOPIX Mid400
1485,20210331,4186,"TOKYO OHKA KOGYO CO.,LTD.",東京応化工業,First Section (Domestic),3200,Chemicals,4,RAW MATERIALS & CHEMICALS ,4,TOPIX Mid400
1487,20210331,4188,Mitsubishi Chemical Holdings Corporation,三菱ケミカルホールディングス,First Section (Domestic),3200,Chemicals,4,RAW MATERIALS & CHEMICALS ,2,TOPIX Large70
1490,20210331,4202,Daicel Corporation,ダイセル,First Section (Domestic),3200,Chemicals,4,RAW MATERIALS & CHEMICALS ,4,TOPIX Mid400
1491,20210331,4203,"Sumitomo Bakelite Company,Limited",住友ベークライト,First Section (Domestic),3200,Chemicals,4,RAW MATERIALS & CHEMICALS ,4,TOPIX Mid400
1492,20210331,4204,"Sekisui Chemical Co.,Ltd.",積水化学工業,First Section (Domestic),3200,Chemicals,4,RAW MATERIALS & CHEMICALS ,4,TOPIX Mid400
1493,20210331,4205,ZEON CORPORATION,日本ゼオン,First Section (Domestic),3200,Chemicals,4,RAW MATERIALS & CHEMICALS ,4,TOPIX Mid400
1494,20210331,4206,"Aica Kogyo Company,Limited",アイカ工業,First Section (Domestic),3200,Chemicals,4,RAW MATERIALS & CHEMICALS ,4,TOPIX Mid400
1495,20210331,4208,"Ube Industries,Ltd.",宇部興産,First Section (Domestic),3200,Chemicals,4,RAW MATERIALS & CHEMICALS ,4,TOPIX Mid400
1521,20210331,4272,"NIPPON KAYAKU CO.,LTD.",日本化薬,First Section (Domestic),3200,Chemicals,4,RAW MATERIALS & CHEMICALS ,4,TOPIX Mid400
1536,20210331,4307,"Nomura Research Institute,Ltd.",野村総合研究所,First Section (Domestic),5250,Information & Communication,10,"IT & SERVICES, OTHERS ",4,TOPIX Mid400
1546,20210331,4324,DENTSU GROUP INC.,電通グループ,First Section (Domestic),9050,Services,10,"IT & SERVICES, OTHERS ",4,TOPIX Mid400
1595,20210331,4401,ADEKA CORPORATION,ＡＤＥＫＡ,First Section (Domestic),3200,Chemicals,4,RAW MATERIALS & CHEMICALS ,4,TOPIX Mid400
1596,20210331,4403,NOF CORPORATION,日油,First Section (Domestic),3200,Chemicals,4,RAW MATERIALS & CHEMICALS ,4,TOPIX Mid400
1631,20210331,4452,Kao Corporation,花王,First Section (Domestic),3200,Chemicals,4,RAW MATERIALS & CHEMICALS ,1,TOPIX Core30
1661,20210331,4502,Takeda Pharmaceutical Company Limited,武田薬品工業,First Section (Domestic),3250,Pharmaceutical,5,PHARMACEUTICAL ,1,TOPIX Core30
1662,20210331,4503,Astellas Pharma Inc.,アステラス製薬,First Section (Domestic),3250,Pharmaceutical,5,PHARMACEUTICAL ,1,TOPIX Core30
1663,20210331,4506,"Sumitomo Dainippon Pharma Co.,Ltd.",大日本住友製薬,First Section (Domestic),3250,Pharmaceutical,5,PHARMACEUTICAL ,4,TOPIX Mid400
1664,20210331,4507,"Shionogi & Co.,Ltd.",塩野義製薬,First Section (Domestic),3250,Pharmaceutical,5,PHARMACEUTICAL ,2,TOPIX Large70
1666,20210331,4516,"Nippon Shinyaku Co.,Ltd.",日本新薬,First Section (Domestic),3250,Pharmaceutical,5,PHARMACEUTICAL ,4,TOPIX Mid400
1668,20210331,4519,"CHUGAI PHARMACEUTICAL CO.,LTD.",中外製薬,First Section (Domestic),3250,Pharmaceutical,5,PHARMACEUTICAL ,2,TOPIX Large70
1669,20210331,4521,"KAKEN PHARMACEUTICAL CO.,LTD.",科研製薬,First Section (Domestic),3250,Pharmaceutical,5,PHARMACEUTICAL ,4,TOPIX Mid400
1670,20210331,4523,"Eisai Co.,Ltd.",エーザイ,First Section (Domestic),3250,Pharmaceutical,5,PHARMACEUTICAL ,2,TOPIX Large70
1673,20210331,4527,"ROHTO PHARMACEUTICAL CO.,LTD.",ロート製薬,First Section (Domestic),3250,Pharmaceutical,5,PHARMACEUTICAL ,4,TOPIX Mid400
1674,20210331,4528,"ONO PHARMACEUTICAL CO.,LTD.",小野薬品工業,First Section (Domestic),3250,Pharmaceutical,5,PHARMACEUTICAL ,2,TOPIX Large70
1675,20210331,4530,"HISAMITSU PHARMACEUTICAL CO.,INC.",久光製薬,First Section (Domestic),3250,Pharmaceutical,5,PHARMACEUTICAL ,4,TOPIX Mid400
1677,20210331,4534,"Mochida Pharmaceutical Co.,Ltd.",持田製薬,First Section (Domestic),3250,Pharmaceutical,5,PHARMACEUTICAL ,4,TOPIX Mid400
1678,20210331,4536,"SANTEN PHARMACEUTICAL CO.,LTD.",参天製薬,First Section (Domestic),3250,Pharmaceutical,5,PHARMACEUTICAL ,4,TOPIX Mid400
1681,20210331,4540,TSUMURA & CO.,ツムラ,First Section (Domestic),3250,Pharmaceutical,5,PHARMACEUTICAL ,4,TOPIX Mid400
1683,20210331,4543,TERUMO CORPORATION,テルモ,First Section (Domestic),3750,Precision Instruments,9,ELECTRIC APPLIANCES & PRECISION INSTRUMENTS ,2,TOPIX Large70
1684,20210331,4544,"H.U. Group Holdings,Inc.",Ｈ．Ｕ．グループホールディングス,First Section (Domestic),9050,Services,10,"IT & SERVICES, OTHERS ",4,TOPIX Mid400
1685,20210331,4547,"KISSEI PHARMACEUTICAL CO.,LTD.",キッセイ薬品工業,First Section (Domestic),3250,Pharmaceutical,5,PHARMACEUTICAL ,4,TOPIX Mid400
1690,20210331,4552,"JCR Pharmaceuticals Co.,Ltd.",ＪＣＲファーマ,First Section (Domestic),3250,Pharmaceutical,5,PHARMACEUTICAL ,4,TOPIX Mid400
1699,20210331,4568,"DAIICHI SANKYO COMPANY,LIMITED",第一三共,First Section (Domestic),3250,Pharmaceutical,5,PHARMACEUTICAL ,1,TOPIX Core30
1708,20210331,4578,"Otsuka Holdings Co.,Ltd.",大塚ホールディングス,First Section (Domestic),3250,Pharmaceutical,5,PHARMACEUTICAL ,2,TOPIX Large70
1710,20210331,4581,"TAISHO PHARMACEUTICAL HOLDINGS CO.,LTD.",大正製薬ホールディングス,First Section (Domestic),3250,Pharmaceutical,5,PHARMACEUTICAL ,4,TOPIX Mid400
1715,20210331,4587,PeptiDream Inc.,ペプチドリーム,First Section (Domestic),3250,Pharmaceutical,5,PHARMACEUTICAL ,4,TOPIX Mid400
1727,20210331,4612,"NIPPON PAINT HOLDINGS CO.,LTD.",日本ペイントホールディングス,First Section (Domestic),3200,Chemicals,4,RAW MATERIALS & CHEMICALS ,4,TOPIX Mid400
1728,20210331,4613,"KANSAI PAINT CO.,LTD.",関西ペイント,First Section (Domestic),3200,Chemicals,4,RAW MATERIALS & CHEMICALS ,4,TOPIX Mid400
1742,20210331,4631,DIC Corporation,ＤＩＣ,First Section (Domestic),3200,Chemicals,4,RAW MATERIALS & CHEMICALS ,4,TOPIX Mid400
1757,20210331,4661,"ORIENTAL LAND CO.,LTD.",オリエンタルランド,First Section (Domestic),9050,Services,10,"IT & SERVICES, OTHERS ",2,TOPIX Large70
1760,20210331,4665,"DUSKIN CO.,LTD.",ダスキン,First Section (Domestic),9050,Services,10,"IT & SERVICES, OTHERS ",4,TOPIX Mid400
1761,20210331,4666,"PARK24 Co.,Ltd.",パーク２４,First Section (Domestic),8050,Real Estate,17,REAL ESTATE ,4,TOPIX Mid400
1768,20210331,4676,"FUJI MEDIA HOLDINGS,INC.",フジ・メディア・ホールディングス,First Section (Domestic),5250,Information & Communication,10,"IT & SERVICES, OTHERS ",4,TOPIX Mid400
1772,20210331,4681,"RESORTTRUST,INC.",リゾートトラスト,First Section (Domestic),9050,Services,10,"IT & SERVICES, OTHERS ",4,TOPIX Mid400
1773,20210331,4684,"OBIC Co.,Ltd.",オービック,First Section (Domestic),5250,Information & Communication,10,"IT & SERVICES, OTHERS ",4,TOPIX Mid400
1775,20210331,4686,JUSTSYSTEMS CORPORATION,ジャストシステム,First Section (Domestic),5250,Information & Communication,10,"IT & SERVICES, OTHERS ",4,TOPIX Mid400
1777,20210331,4689,Z Holdings Corporation,Ｚホールディングス,First Section (Domestic),5250,Information & Communication,10,"IT & SERVICES, OTHERS ",2,TOPIX Large70
1783,20210331,4704,Trend Micro Incorporated,トレンドマイクロ,First Section (Domestic),5250,Information & Communication,10,"IT & SERVICES, OTHERS ",4,TOPIX Mid400
1790,20210331,4716,ORACLE CORPORATION JAPAN,日本オラクル,First Section (Domestic),5250,Information & Communication,10,"IT & SERVICES, OTHERS ",4,TOPIX Mid400
1798,20210331,4732,"USS Co.,Ltd.",ユー・エス・エス,First Section (Domestic),9050,Services,10,"IT & SERVICES, OTHERS ",4,TOPIX Mid400
1803,20210331,4739,ITOCHU Techno-Solutions Corporation,伊藤忠テクノソリューションズ,First Section (Domestic),5250,Information & Communication,10,"IT & SERVICES, OTHERS ",4,TOPIX Mid400
1809,20210331,4751,"CyberAgent,Inc.",サイバーエージェント,First Section (Domestic),9050,Services,10,"IT & SERVICES, OTHERS ",4,TOPIX Mid400
1812,20210331,4755,"Rakuten,Inc.",楽天,First Section (Domestic),9050,Services,10,"IT & SERVICES, OTHERS ",4,TOPIX Mid400
1821,20210331,4768,OTSUKA CORPORATION,大塚商会,First Section (Domestic),5250,Information & Communication,10,"IT & SERVICES, OTHERS ",4,TOPIX Mid400
1862,20210331,4901,FUJIFILM Holdings Corporation,富士フイルムホールディングス,First Section (Domestic),3200,Chemicals,4,RAW MATERIALS & CHEMICALS ,2,TOPIX Large70
1863,20210331,4902,"KONICA MINOLTA,INC.",コニカミノルタ,First Section (Domestic),3650,Electric Appliances,9,ELECTRIC APPLIANCES & PRECISION INSTRUMENTS ,4,TOPIX Mid400
1864,20210331,4911,"Shiseido Company,Limited",資生堂,First Section (Domestic),3200,Chemicals,4,RAW MATERIALS & CHEMICALS ,2,TOPIX Large70
1865,20210331,4912,Lion Corporation,ライオン,First Section (Domestic),3200,Chemicals,4,RAW MATERIALS & CHEMICALS ,4,TOPIX Mid400
1869,20210331,4919,"Milbon Co.,Ltd.",ミルボン,First Section (Domestic),3200,Chemicals,4,RAW MATERIALS & CHEMICALS ,4,TOPIX Mid400
1871,20210331,4921,FANCL CORPORATION,ファンケル,First Section (Domestic),3200,Chemicals,4,RAW MATERIALS & CHEMICALS ,4,TOPIX Mid400
1872,20210331,4922,KOSE Corporation,コーセー,First Section (Domestic),3200,Chemicals,4,RAW MATERIALS & CHEMICALS ,4,TOPIX Mid400
1876,20210331,4927,POLA ORBIS HOLDINGS INC.,ポーラ・オルビスホールディングス,First Section (Domestic),3200,Chemicals,4,RAW MATERIALS & CHEMICALS ,4,TOPIX Mid400
1895,20210331,4967,"KOBAYASHI PHARMACEUTICAL CO.,LTD.",小林製薬,First Section (Domestic),3200,Chemicals,4,RAW MATERIALS & CHEMICALS ,4,TOPIX Mid400
1925,20210331,5019,"Idemitsu Kosan Co.,Ltd.",出光興産,First Section (Domestic),3300,Oil and Coal Products,2,ENERGY RESOURCES ,4,TOPIX Mid400
1926,20210331,5020,"ENEOS Holdings,Inc.",ＥＮＥＯＳホールディングス,First Section (Domestic),3300,Oil and Coal Products,2,ENERGY RESOURCES ,2,TOPIX Large70
1927,20210331,5021,"COSMO ENERGY HOLDINGS COMPANY,LIMITED",コスモエネルギーホールディングス,First Section (Domestic),3300,Oil and Coal Products,2,ENERGY RESOURCES ,4,TOPIX Mid400
1932,20210331,5101,"The Yokohama Rubber Company,Limited",横浜ゴム,First Section (Domestic),3350,Rubber Products,6,AUTOMOBILES & TRANSPORTATION EQUIPMENT ,4,TOPIX Mid400
1935,20210331,5105,Toyo Tire Corporation,ＴＯＹＯ　ＴＩＲＥ,First Section (Domestic),3350,Rubber Products,6,AUTOMOBILES & TRANSPORTATION EQUIPMENT ,4,TOPIX Mid400
1936,20210331,5108,BRIDGESTONE CORPORATION,ブリヂストン,First Section (Domestic),3350,Rubber Products,6,AUTOMOBILES & TRANSPORTATION EQUIPMENT ,2,TOPIX Large70
1937,20210331,5110,"Sumitomo Rubber Industries,Ltd.",住友ゴム工業,First Section (Domestic),3350,Rubber Products,6,AUTOMOBILES & TRANSPORTATION EQUIPMENT ,4,TOPIX Mid400
1953,20210331,5201,AGC Inc.,ＡＧＣ,First Section (Domestic),3400,Glass and Ceramics Products,3,CONSTRUCTION & MATERIALS ,4,TOPIX Mid400
1959,20210331,5214,"Nippon Electric Glass Co.,Ltd.",日本電気硝子,First Section (Domestic),3400,Glass and Ceramics Products,3,CONSTRUCTION & MATERIALS ,4,TOPIX Mid400
1963,20210331,5232,"Sumitomo Osaka Cement Co.,Ltd.",住友大阪セメント,First Section (Domestic),3400,Glass and Ceramics Products,3,CONSTRUCTION & MATERIALS ,4,TOPIX Mid400
1964,20210331,5233,TAIHEIYO CEMENT CORPORATION,太平洋セメント,First Section (Domestic),3400,Glass and Ceramics Products,3,CONSTRUCTION & MATERIALS ,4,TOPIX Mid400
1982,20210331,5301,"TOKAI CARBON CO.,LTD.",東海カーボン,First Section (Domestic),3400,Glass and Ceramics Products,3,CONSTRUCTION & MATERIALS ,4,TOPIX Mid400
1987,20210331,5332,TOTO LTD.,ＴＯＴＯ,First Section (Domestic),3400,Glass and Ceramics Products,3,CONSTRUCTION & MATERIALS ,4,TOPIX Mid400
1988,20210331,5333,"NGK INSULATORS,LTD.",日本碍子,First Section (Domestic),3400,Glass and Ceramics Products,3,CONSTRUCTION & MATERIALS ,4,TOPIX Mid400
1989,20210331,5334,"NGK SPARK PLUG CO.,LTD.",日本特殊陶業,First Section (Domestic),3400,Glass and Ceramics Products,3,CONSTRUCTION & MATERIALS ,4,TOPIX Mid400
2010,20210331,5401,NIPPON STEEL CORPORATION,日本製鉄,First Section (Domestic),3450,Iron and Steel,7,STEEL & NONFERROUS METALS ,2,TOPIX Large70
2011,20210331,5406,"Kobe Steel,Ltd.",神戸製鋼所,First Section (Domestic),3450,Iron and Steel,7,STEEL & NONFERROUS METALS ,4,TOPIX Mid400
2014,20210331,5411,"JFE Holdings,Inc.",ジェイ　エフ　イー　ホールディングス,First Section (Domestic),3450,Iron and Steel,7,STEEL & NONFERROUS METALS ,4,TOPIX Mid400
2017,20210331,5444,"YAMATO KOGYO CO.,LTD.",大和工業,First Section (Domestic),3450,Iron and Steel,7,STEEL & NONFERROUS METALS ,4,TOPIX Mid400
2023,20210331,5463,Maruichi Steel Tube Ltd.,丸一鋼管,First Section (Domestic),3450,Iron and Steel,7,STEEL & NONFERROUS METALS ,4,TOPIX Mid400
2025,20210331,5471,"Daido Steel Co.,Ltd.",大同特殊鋼,First Section (Domestic),3450,Iron and Steel,7,STEEL & NONFERROUS METALS ,4,TOPIX Mid400
2031,20210331,5486,"Hitachi Metals,Ltd.",日立金属,First Section (Domestic),3450,Iron and Steel,7,STEEL & NONFERROUS METALS ,4,TOPIX Mid400
2041,20210331,5631,"The Japan Steel Works,Ltd.",日本製鋼所,First Section (Domestic),3600,Machinery,8,MACHINERY ,4,TOPIX Mid400
2053,20210331,5703,"Nippon Light Metal Holdings Company,Ltd.",日本軽金属ホールディングス,First Section (Domestic),3500,Nonferrous Metals,7,STEEL & NONFERROUS METALS ,4,TOPIX Mid400
2055,20210331,5706,"Mitsui Mining and Smelting Company,Limited",三井金属鉱業,First Section (Domestic),3500,Nonferrous Metals,7,STEEL & NONFERROUS METALS ,4,TOPIX Mid400
2057,20210331,5711,Mitsubishi Materials Corporation,三菱マテリアル,First Section (Domestic),3500,Nonferrous Metals,7,STEEL & NONFERROUS METALS ,4,TOPIX Mid400
2058,20210331,5713,"Sumitomo Metal Mining Co.,Ltd.",住友金属鉱山,First Section (Domestic),3500,Nonferrous Metals,7,STEEL & NONFERROUS METALS ,2,TOPIX Large70
2059,20210331,5714,"DOWA HOLDINGS CO.,LTD.",ＤＯＷＡホールディングス,First Section (Domestic),3500,Nonferrous Metals,7,STEEL & NONFERROUS METALS ,4,TOPIX Mid400
2071,20210331,5801,"Furukawa Electric Co.,Ltd.",古河電気工業,First Section (Domestic),3500,Nonferrous Metals,7,STEEL & NONFERROUS METALS ,4,TOPIX Mid400
2072,20210331,5802,"Sumitomo Electric Industries,Ltd.",住友電気工業,First Section (Domestic),3500,Nonferrous Metals,7,STEEL & NONFERROUS METALS ,2,TOPIX Large70
2088,20210331,5901,"Toyo Seikan Group Holdings,Ltd.",東洋製罐グループホールディングス,First Section (Domestic),3550,Metal Products,3,CONSTRUCTION & MATERIALS ,4,TOPIX Mid400
2102,20210331,5929,Sanwa Holdings Corporation,三和ホールディングス,First Section (Domestic),3550,Metal Products,3,CONSTRUCTION & MATERIALS ,4,TOPIX Mid400
2108,20210331,5938,LIXIL Corporation,ＬＩＸＩＬ,First Section (Domestic),3550,Metal Products,3,CONSTRUCTION & MATERIALS ,4,TOPIX Mid400
2116,20210331,5947,RINNAI CORPORATION,リンナイ,First Section (Domestic),3550,Metal Products,3,CONSTRUCTION & MATERIALS ,4,TOPIX Mid400
2148,20210331,5991,"NHK SPRING CO.,LTD.",日本発條,First Section (Domestic),3550,Metal Products,3,CONSTRUCTION & MATERIALS ,4,TOPIX Mid400
2154,20210331,6005,"MIURA CO.,LTD.",三浦工業,First Section (Domestic),3600,Machinery,8,MACHINERY ,4,TOPIX Mid400
2162,20210331,6028,"TechnoPro Holdings,Inc.",テクノプロ・ホールディングス,First Section (Domestic),9050,Services,10,"IT & SERVICES, OTHERS ",4,TOPIX Mid400
2217,20210331,6098,"Recruit Holdings Co.,Ltd.",リクルートホールディングス,First Section (Domestic),9050,Services,10,"IT & SERVICES, OTHERS ",1,TOPIX Core30
2220,20210331,6103,OKUMA Corporation,オークマ,First Section (Domestic),3600,Machinery,8,MACHINERY ,4,TOPIX Mid400
2222,20210331,6113,"AMADA CO.,LTD.",アマダ,First Section (Domestic),3600,Machinery,8,MACHINERY ,4,TOPIX Mid400
2227,20210331,6134,FUJI CORPORATION,ＦＵＪＩ,First Section (Domestic),3600,Machinery,8,MACHINERY ,4,TOPIX Mid400
2229,20210331,6136,OSG Corporation,オーエスジー,First Section (Domestic),3600,Machinery,8,MACHINERY ,4,TOPIX Mid400
2233,20210331,6141,"DMG MORI CO.,LTD.",ＤＭＧ森精機,First Section (Domestic),3600,Machinery,8,MACHINERY ,4,TOPIX Mid400
2237,20210331,6146,DISCO CORPORATION,ディスコ,First Section (Domestic),3600,Machinery,8,MACHINERY ,4,TOPIX Mid400
2259,20210331,6178,"JAPAN POST HOLDINGS Co.,Ltd.",日本郵政,First Section (Domestic),9050,Services,10,"IT & SERVICES, OTHERS ",2,TOPIX Large70
2280,20210331,6201,TOYOTA INDUSTRIES CORPORATION,豊田自動織機,First Section (Domestic),3700,Transportation Equipment,6,AUTOMOBILES & TRANSPORTATION EQUIPMENT ,4,TOPIX Mid400
2315,20210331,6268,Nabtesco Corporation,ナブテスコ,First Section (Domestic),3600,Machinery,8,MACHINERY ,4,TOPIX Mid400
2319,20210331,6273,SMC CORPORATION,ＳＭＣ,First Section (Domestic),3600,Machinery,8,MACHINERY ,2,TOPIX Large70
2337,20210331,6301,KOMATSU LTD.,小松製作所,First Section (Domestic),3600,Machinery,8,MACHINERY ,2,TOPIX Large70
2338,20210331,6302,"SUMITOMO HEAVY INDUSTRIES,LTD.",住友重機械工業,First Section (Domestic),3600,Machinery,8,MACHINERY ,4,TOPIX Mid400
2340,20210331,6305,"Hitachi Construction Machinery Co.,Ltd.",日立建機,First Section (Domestic),3600,Machinery,8,MACHINERY ,4,TOPIX Mid400
2354,20210331,6326,KUBOTA CORPORATION,クボタ,First Section (Domestic),3600,Machinery,8,MACHINERY ,2,TOPIX Large70
2380,20210331,6361,EBARA CORPORATION,荏原製作所,First Section (Domestic),3600,Machinery,8,MACHINERY ,4,TOPIX Mid400
2386,20210331,6367,"DAIKIN INDUSTRIES,LTD.",ダイキン工業,First Section (Domestic),3600,Machinery,8,MACHINERY ,1,TOPIX Core30
2389,20210331,6370,Kurita Water Industries Ltd.,栗田工業,First Section (Domestic),3600,Machinery,8,MACHINERY ,4,TOPIX Mid400
2398,20210331,6383,"DAIFUKU CO.,LTD.",ダイフク,First Section (Domestic),3600,Machinery,8,MACHINERY ,4,TOPIX Mid400
2405,20210331,6395,TADANO LTD.,タダノ,First Section (Domestic),3600,Machinery,8,MACHINERY ,4,TOPIX Mid400
2411,20210331,6406,"FUJITEC CO.,LTD.",フジテック,First Section (Domestic),3600,Machinery,8,MACHINERY ,4,TOPIX Mid400
2420,20210331,6417,"SANKYO CO.,LTD.",ＳＡＮＫＹＯ,First Section (Domestic),3600,Machinery,8,MACHINERY ,4,TOPIX Mid400
2430,20210331,6436,Amano Corporation,アマノ,First Section (Domestic),3600,Machinery,8,MACHINERY ,4,TOPIX Mid400
2434,20210331,6448,"BROTHER INDUSTRIES,LTD.",ブラザー工業,First Section (Domestic),3650,Electric Appliances,9,ELECTRIC APPLIANCES & PRECISION INSTRUMENTS ,4,TOPIX Mid400
2437,20210331,6457,GLORY LTD.,グローリー,First Section (Domestic),3600,Machinery,8,MACHINERY ,4,TOPIX Mid400
2440,20210331,6460,SEGA SAMMY HOLDINGS INC.,セガサミーホールディングス,First Section (Domestic),3600,Machinery,8,MACHINERY ,4,TOPIX Mid400
2445,20210331,6465,HOSHIZAKI CORPORATION,ホシザキ,First Section (Domestic),3600,Machinery,8,MACHINERY ,4,TOPIX Mid400
2450,20210331,6471,NSK Ltd.,日本精工,First Section (Domestic),3600,Machinery,8,MACHINERY ,4,TOPIX Mid400
2451,20210331,6472,NTN CORPORATION,ＮＴＮ,First Section (Domestic),3600,Machinery,8,MACHINERY ,4,TOPIX Mid400
2452,20210331,6473,JTEKT Corporation,ジェイテクト,First Section (Domestic),3600,Machinery,8,MACHINERY ,4,TOPIX Mid400
2454,20210331,6479,MINEBEA MITSUMI Inc.,ミネベアミツミ,First Section (Domestic),3650,Electric Appliances,9,ELECTRIC APPLIANCES & PRECISION INSTRUMENTS ,4,TOPIX Mid400
2456,20210331,6481,"THK CO.,LTD.",ＴＨＫ,First Section (Domestic),3600,Machinery,8,MACHINERY ,4,TOPIX Mid400
2471,20210331,6501,"Hitachi,Ltd.",日立製作所,First Section (Domestic),3650,Electric Appliances,9,ELECTRIC APPLIANCES & PRECISION INSTRUMENTS ,1,TOPIX Core30
2472,20210331,6502,TOSHIBA CORPORATION,東芝,First Section (Domestic),3650,Electric Appliances,9,ELECTRIC APPLIANCES & PRECISION INSTRUMENTS ,4,TOPIX Mid400
2473,20210331,6503,Mitsubishi Electric Corporation,三菱電機,First Section (Domestic),3650,Electric Appliances,9,ELECTRIC APPLIANCES & PRECISION INSTRUMENTS ,2,TOPIX Large70
2474,20210331,6504,"FUJI ELECTRIC CO.,LTD.",富士電機,First Section (Domestic),3650,Electric Appliances,9,ELECTRIC APPLIANCES & PRECISION INSTRUMENTS ,4,TOPIX Mid400
2476,20210331,6506,YASKAWA Electric Corporation,安川電機,First Section (Domestic),3650,Electric Appliances,9,ELECTRIC APPLIANCES & PRECISION INSTRUMENTS ,4,TOPIX Mid400
2531,20210331,6586,Makita Corporation,マキタ,First Section (Domestic),3600,Machinery,8,MACHINERY ,4,TOPIX Mid400
2534,20210331,6592,"MABUCHI MOTOR CO.,LTD.",マブチモーター,First Section (Domestic),3650,Electric Appliances,9,ELECTRIC APPLIANCES & PRECISION INSTRUMENTS ,4,TOPIX Mid400
2535,20210331,6594,NIDEC CORPORATION,日本電産,First Section (Domestic),3650,Electric Appliances,9,ELECTRIC APPLIANCES & PRECISION INSTRUMENTS ,1,TOPIX Core30
2566,20210331,6645,OMRON Corporation,オムロン,First Section (Domestic),3650,Electric Appliances,9,ELECTRIC APPLIANCES & PRECISION INSTRUMENTS ,4,TOPIX Mid400
2582,20210331,6674,GS Yuasa Corporation,ジーエス・ユアサ　コーポレーション,First Section (Domestic),3650,Electric Appliances,9,ELECTRIC APPLIANCES & PRECISION INSTRUMENTS ,4,TOPIX Mid400
2593,20210331,6701,NEC Corporation,日本電気,First Section (Domestic),3650,Electric Appliances,9,ELECTRIC APPLIANCES & PRECISION INSTRUMENTS ,4,TOPIX Mid400
2594,20210331,6702,FUJITSU LIMITED,富士通,First Section (Domestic),3650,Electric Appliances,9,ELECTRIC APPLIANCES & PRECISION INSTRUMENTS ,2,TOPIX Large70
2595,20210331,6703,"Oki Electric Industry Company,Limited",沖電気工業,First Section (Domestic),3650,Electric Appliances,9,ELECTRIC APPLIANCES & PRECISION INSTRUMENTS ,4,TOPIX Mid400
2603,20210331,6723,Renesas Electronics Corporation,ルネサスエレクトロニクス,First Section (Domestic),3650,Electric Appliances,9,ELECTRIC APPLIANCES & PRECISION INSTRUMENTS ,4,TOPIX Mid400
2604,20210331,6724,SEIKO EPSON CORPORATION,セイコーエプソン,First Section (Domestic),3650,Electric Appliances,9,ELECTRIC APPLIANCES & PRECISION INSTRUMENTS ,4,TOPIX Mid400
2606,20210331,6728,"ULVAC, Inc.",アルバック,First Section (Domestic),3650,Electric Appliances,9,ELECTRIC APPLIANCES & PRECISION INSTRUMENTS ,4,TOPIX Mid400
2620,20210331,6752,Panasonic Corporation,パナソニック,First Section (Domestic),3650,Electric Appliances,9,ELECTRIC APPLIANCES & PRECISION INSTRUMENTS ,2,TOPIX Large70
2621,20210331,6753,Sharp Corporation,シャープ,First Section (Domestic),3650,Electric Appliances,9,ELECTRIC APPLIANCES & PRECISION INSTRUMENTS ,4,TOPIX Mid400
2622,20210331,6754,ANRITSU CORPORATION,アンリツ,First Section (Domestic),3650,Electric Appliances,9,ELECTRIC APPLIANCES & PRECISION INSTRUMENTS ,4,TOPIX Mid400
2623,20210331,6755,FUJITSU GENERAL LIMITED,富士通ゼネラル,First Section (Domestic),3650,Electric Appliances,9,ELECTRIC APPLIANCES & PRECISION INSTRUMENTS ,4,TOPIX Mid400
2625,20210331,6758,SONY CORPORATION,ソニー,First Section (Domestic),3650,Electric Appliances,9,ELECTRIC APPLIANCES & PRECISION INSTRUMENTS ,1,TOPIX Core30
2626,20210331,6762,TDK Corporation,ＴＤＫ,First Section (Domestic),3650,Electric Appliances,9,ELECTRIC APPLIANCES & PRECISION INSTRUMENTS ,4,TOPIX Mid400
2630,20210331,6770,"ALPS ALPINE CO.,LTD.",アルプスアルパイン,First Section (Domestic),3650,Electric Appliances,9,ELECTRIC APPLIANCES & PRECISION INSTRUMENTS ,4,TOPIX Mid400
2648,20210331,6806,"HIROSE ELECTRIC CO.,LTD.",ヒロセ電機,First Section (Domestic),3650,Electric Appliances,9,ELECTRIC APPLIANCES & PRECISION INSTRUMENTS ,4,TOPIX Mid400
2669,20210331,6841,YOKOGAWA ELECTRIC CORPORATION,横河電機,First Section (Domestic),3650,Electric Appliances,9,ELECTRIC APPLIANCES & PRECISION INSTRUMENTS ,4,TOPIX Mid400
2671,20210331,6845,Azbil Corporation,アズビル,First Section (Domestic),3650,Electric Appliances,9,ELECTRIC APPLIANCES & PRECISION INSTRUMENTS ,4,TOPIX Mid400
2673,20210331,6849,NIHON KOHDEN CORPORATION,日本光電工業,First Section (Domestic),3650,Electric Appliances,9,ELECTRIC APPLIANCES & PRECISION INSTRUMENTS ,4,TOPIX Mid400
2677,20210331,6856,"HORIBA,Ltd.",堀場製作所,First Section (Domestic),3650,Electric Appliances,9,ELECTRIC APPLIANCES & PRECISION INSTRUMENTS ,4,TOPIX Mid400
2678,20210331,6857,ADVANTEST CORPORATION,アドバンテスト,First Section (Domestic),3650,Electric Appliances,9,ELECTRIC APPLIANCES & PRECISION INSTRUMENTS ,4,TOPIX Mid400
2681,20210331,6861,KEYENCE CORPORATION,キーエンス,First Section (Domestic),3650,Electric Appliances,9,ELECTRIC APPLIANCES & PRECISION INSTRUMENTS ,1,TOPIX Core30
2687,20210331,6869,SYSMEX CORPORATION,シスメックス,First Section (Domestic),3650,Electric Appliances,9,ELECTRIC APPLIANCES & PRECISION INSTRUMENTS ,2,TOPIX Large70
2703,20210331,6902,DENSO CORPORATION,デンソー,First Section (Domestic),3700,Transportation Equipment,6,AUTOMOBILES & TRANSPORTATION EQUIPMENT ,2,TOPIX Large70
2714,20210331,6920,Lasertec Corporation,レーザーテック,First Section (Domestic),3650,Electric Appliances,9,ELECTRIC APPLIANCES & PRECISION INSTRUMENTS ,4,TOPIX Mid400
2715,20210331,6923,"Stanley Electric Co.,Ltd.",スタンレー電気,First Section (Domestic),3650,Electric Appliances,9,ELECTRIC APPLIANCES & PRECISION INSTRUMENTS ,4,TOPIX Mid400
2717,20210331,6925,USHIO INC.,ウシオ電機,First Section (Domestic),3650,Electric Appliances,9,ELECTRIC APPLIANCES & PRECISION INSTRUMENTS ,4,TOPIX Mid400
2732,20210331,6952,"CASIO COMPUTER CO.,LTD.",カシオ計算機,First Section (Domestic),3650,Electric Appliances,9,ELECTRIC APPLIANCES & PRECISION INSTRUMENTS ,4,TOPIX Mid400
2733,20210331,6954,FANUC CORPORATION,ファナック,First Section (Domestic),3650,Electric Appliances,9,ELECTRIC APPLIANCES & PRECISION INSTRUMENTS ,1,TOPIX Core30
2740,20210331,6963,ROHM COMPANY LIMITED,ローム,First Section (Domestic),3650,Electric Appliances,9,ELECTRIC APPLIANCES & PRECISION INSTRUMENTS ,4,TOPIX Mid400
2742,20210331,6965,HAMAMATSU PHOTONICS K.K.,浜松ホトニクス,First Section (Domestic),3650,Electric Appliances,9,ELECTRIC APPLIANCES & PRECISION INSTRUMENTS ,4,TOPIX Mid400
2746,20210331,6971,KYOCERA CORPORATION,京セラ,First Section (Domestic),3650,Electric Appliances,9,ELECTRIC APPLIANCES & PRECISION INSTRUMENTS ,2,TOPIX Large70
2748,20210331,6976,"TAIYO YUDEN CO.,LTD.",太陽誘電,First Section (Domestic),3650,Electric Appliances,9,ELECTRIC APPLIANCES & PRECISION INSTRUMENTS ,4,TOPIX Mid400
2750,20210331,6981,"Murata Manufacturing Co.,Ltd.",村田製作所,First Section (Domestic),3650,Electric Appliances,9,ELECTRIC APPLIANCES & PRECISION INSTRUMENTS ,1,TOPIX Core30
2753,20210331,6988,NITTO DENKO CORPORATION,日東電工,First Section (Domestic),3200,Chemicals,4,RAW MATERIALS & CHEMICALS ,4,TOPIX Mid400
2757,20210331,6995,"TOKAI RIKA CO.,LTD.",東海理化電機製作所,First Section (Domestic),3700,Transportation Equipment,6,AUTOMOBILES & TRANSPORTATION EQUIPMENT ,4,TOPIX Mid400
2764,20210331,7011,"Mitsubishi Heavy Industries,Ltd.",三菱重工業,First Section (Domestic),3600,Machinery,8,MACHINERY ,2,TOPIX Large70
2765,20210331,7012,"Kawasaki Heavy Industries,Ltd.",川崎重工業,First Section (Domestic),3700,Transportation Equipment,6,AUTOMOBILES & TRANSPORTATION EQUIPMENT ,4,TOPIX Mid400
2766,20210331,7013,IHI Corporation,ＩＨＩ,First Section (Domestic),3600,Machinery,8,MACHINERY ,4,TOPIX Mid400
2840,20210331,7164,"ZENKOKU HOSHO Co.,Ltd.",全国保証,First Section (Domestic),7200,Other Financing Business,16,FINANCIALS （EX BANKS） ,4,TOPIX Mid400
2841,20210331,7167,"Mebuki Financial Group,Inc.",めぶきフィナンシャルグループ,First Section (Domestic),7050,Banks,15,BANKS ,4,TOPIX Mid400
2849,20210331,7180,"Kyushu Financial Group,Inc.",九州フィナンシャルグループ,First Section (Domestic),7050,Banks,15,BANKS ,4,TOPIX Mid400
2850,20210331,7181,"JAPAN POST INSURANCE Co.,Ltd.",かんぽ生命保険,First Section (Domestic),7150,Insurance,16,FINANCIALS （EX BANKS） ,4,TOPIX Mid400
2851,20210331,7182,"JAPAN POST BANK Co.,Ltd.",ゆうちょ銀行,First Section (Domestic),7050,Banks,15,BANKS ,4,TOPIX Mid400
2855,20210331,7186,"Concordia Financial Group,Ltd.",コンコルディア・フィナンシャルグループ,First Section (Domestic),7050,Banks,15,BANKS ,4,TOPIX Mid400
2857,20210331,7189,"Nishi-Nippon Financial Holdings,Inc.",西日本フィナンシャルホールディングス,First Section (Domestic),7050,Banks,15,BANKS ,4,TOPIX Mid400
2864,20210331,7201,"NISSAN MOTOR CO.,LTD.",日産自動車,First Section (Domestic),3700,Transportation Equipment,6,AUTOMOBILES & TRANSPORTATION EQUIPMENT ,2,TOPIX Large70
2865,20210331,7202,ISUZU MOTORS LIMITED,いすゞ自動車,First Section (Domestic),3700,Transportation Equipment,6,AUTOMOBILES & TRANSPORTATION EQUIPMENT ,4,TOPIX Mid400
2866,20210331,7203,TOYOTA MOTOR CORPORATION,トヨタ自動車,First Section (Domestic),3700,Transportation Equipment,6,AUTOMOBILES & TRANSPORTATION EQUIPMENT ,1,TOPIX Core30
2867,20210331,7205,"HINO MOTORS,LTD.",日野自動車,First Section (Domestic),3700,Transportation Equipment,6,AUTOMOBILES & TRANSPORTATION EQUIPMENT ,4,TOPIX Mid400
2869,20210331,7211,MITSUBISHI MOTORS CORPORATION,三菱自動車工業,First Section (Domestic),3700,Transportation Equipment,6,AUTOMOBILES & TRANSPORTATION EQUIPMENT ,4,TOPIX Mid400
2888,20210331,7240,NOK CORPORATION,ＮＯＫ,First Section (Domestic),3700,Transportation Equipment,6,AUTOMOBILES & TRANSPORTATION EQUIPMENT ,4,TOPIX Mid400
2899,20210331,7259,"AISIN SEIKI CO.,LTD.",アイシン精機,First Section (Domestic),3700,Transportation Equipment,6,AUTOMOBILES & TRANSPORTATION EQUIPMENT ,4,TOPIX Mid400
2900,20210331,7261,Mazda Motor Corporation,マツダ,First Section (Domestic),3700,Transportation Equipment,6,AUTOMOBILES & TRANSPORTATION EQUIPMENT ,4,TOPIX Mid400
2904,20210331,7267,"HONDA MOTOR CO.,LTD.",本田技研工業,First Section (Domestic),3700,Transportation Equipment,6,AUTOMOBILES & TRANSPORTATION EQUIPMENT ,1,TOPIX Core30
2906,20210331,7269,SUZUKI MOTOR CORPORATION,スズキ,First Section (Domestic),3700,Transportation Equipment,6,AUTOMOBILES & TRANSPORTATION EQUIPMENT ,2,TOPIX Large70
2907,20210331,7270,SUBARU CORPORATION,ＳＵＢＡＲＵ,First Section (Domestic),3700,Transportation Equipment,6,AUTOMOBILES & TRANSPORTATION EQUIPMENT ,2,TOPIX Large70
2909,20210331,7272,"Yamaha Motor Co.,Ltd.",ヤマハ発動機,First Section (Domestic),3700,Transportation Equipment,6,AUTOMOBILES & TRANSPORTATION EQUIPMENT ,4,TOPIX Mid400
2911,20210331,7276,"KOITO MANUFACTURING CO.,LTD.",小糸製作所,First Section (Domestic),3650,Electric Appliances,9,ELECTRIC APPLIANCES & PRECISION INSTRUMENTS ,4,TOPIX Mid400
2916,20210331,7282,"TOYODA GOSEI CO.,LTD.",豊田合成,First Section (Domestic),3700,Transportation Equipment,6,AUTOMOBILES & TRANSPORTATION EQUIPMENT ,4,TOPIX Mid400
2928,20210331,7309,SHIMANO INC.,シマノ,First Section (Domestic),3700,Transportation Equipment,6,AUTOMOBILES & TRANSPORTATION EQUIPMENT ,2,TOPIX Large70
2929,20210331,7313,"TS TECH CO.,LTD.",テイ・エス　テック,First Section (Domestic),3700,Transportation Equipment,6,AUTOMOBILES & TRANSPORTATION EQUIPMENT ,4,TOPIX Mid400
2938,20210331,7337,"Hirogin Holdings,Inc.",ひろぎんホールディングス,First Section (Domestic),7050,Banks,15,BANKS ,4,TOPIX Mid400
2983,20210331,7453,"RYOHIN KEIKAKU CO.,LTD.",良品計画,First Section (Domestic),6100,Retail Trade,14,RETAIL TRADE ,4,TOPIX Mid400
2986,20210331,7458,"DAIICHIKOSHO CO.,LTD.",第一興商,First Section (Domestic),6050,Wholesale Trade,13,COMMERCIAL & WHOLESALE TRADE ,4,TOPIX Mid400
2987,20210331,7459,MEDIPAL HOLDINGS CORPORATION,メディパルホールディングス,First Section (Domestic),6050,Wholesale Trade,13,COMMERCIAL & WHOLESALE TRADE ,4,TOPIX Mid400
2997,20210331,7476,AS ONE CORPORATION,アズワン,First Section (Domestic),6050,Wholesale Trade,13,COMMERCIAL & WHOLESALE TRADE ,4,TOPIX Mid400
3021,20210331,7518,"Net One Systems Co.,Ltd.",ネットワンシステムズ,First Section (Domestic),5250,Information & Communication,10,"IT & SERVICES, OTHERS ",4,TOPIX Mid400
3031,20210331,7532,Pan Pacific International Holdings Corporation,パン・パシフィック・インターナショナルホールディングス,First Section (Domestic),6100,Retail Trade,14,RETAIL TRADE ,4,TOPIX Mid400
3037,20210331,7550,"ZENSHO HOLDINGS CO.,LTD.",ゼンショーホールディングス,First Section (Domestic),6100,Retail Trade,14,RETAIL TRADE ,4,TOPIX Mid400
3077,20210331,7616,"COLOWIDE CO.,LTD.",コロワイド,First Section (Domestic),6100,Retail Trade,14,RETAIL TRADE ,4,TOPIX Mid400
3095,20210331,7649,"SUGI HOLDINGS Co.,LTD.",スギホールディングス,First Section (Domestic),6100,Retail Trade,14,RETAIL TRADE ,4,TOPIX Mid400
3120,20210331,7701,Shimadzu Corporation,島津製作所,First Section (Domestic),3750,Precision Instruments,9,ELECTRIC APPLIANCES & PRECISION INSTRUMENTS ,4,TOPIX Mid400
3139,20210331,7730,"MANI,INC.",マニー,First Section (Domestic),3750,Precision Instruments,9,ELECTRIC APPLIANCES & PRECISION INSTRUMENTS ,4,TOPIX Mid400
3140,20210331,7731,NIKON CORPORATION,ニコン,First Section (Domestic),3750,Precision Instruments,9,ELECTRIC APPLIANCES & PRECISION INSTRUMENTS ,4,TOPIX Mid400
3141,20210331,7732,TOPCON CORPORATION,トプコン,First Section (Domestic),3750,Precision Instruments,9,ELECTRIC APPLIANCES & PRECISION INSTRUMENTS ,4,TOPIX Mid400
3142,20210331,7733,OLYMPUS CORPORATION,オリンパス,First Section (Domestic),3750,Precision Instruments,9,ELECTRIC APPLIANCES & PRECISION INSTRUMENTS ,2,TOPIX Large70
3144,20210331,7735,"SCREEN Holdings Co.,Ltd.",ＳＣＲＥＥＮホールディングス,First Section (Domestic),3650,Electric Appliances,9,ELECTRIC APPLIANCES & PRECISION INSTRUMENTS ,4,TOPIX Mid400
3147,20210331,7741,HOYA CORPORATION,ＨＯＹＡ,First Section (Domestic),3750,Precision Instruments,9,ELECTRIC APPLIANCES & PRECISION INSTRUMENTS ,1,TOPIX Core30
3152,20210331,7747,"ASAHI INTECC CO.,LTD.",朝日インテック,First Section (Domestic),3750,Precision Instruments,9,ELECTRIC APPLIANCES & PRECISION INSTRUMENTS ,4,TOPIX Mid400
3155,20210331,7751,CANON INC.,キヤノン,First Section (Domestic),3650,Electric Appliances,9,ELECTRIC APPLIANCES & PRECISION INSTRUMENTS ,2,TOPIX Large70
3156,20210331,7752,"RICOH COMPANY,LTD.",リコー,First Section (Domestic),3650,Electric Appliances,9,ELECTRIC APPLIANCES & PRECISION INSTRUMENTS ,4,TOPIX Mid400
3167,20210331,7780,"Menicon Co.,Ltd.",メニコン,First Section (Domestic),3750,Precision Instruments,9,ELECTRIC APPLIANCES & PRECISION INSTRUMENTS ,4,TOPIX Mid400
3197,20210331,7832,BANDAI NAMCO Holdings Inc.,バンダイナムコホールディングス,First Section (Domestic),3800,Other Products,10,"IT & SERVICES, OTHERS ",2,TOPIX Large70
3206,20210331,7846,PILOT CORPORATION,パイロットコーポレーション,First Section (Domestic),3800,Other Products,10,"IT & SERVICES, OTHERS ",4,TOPIX Mid400
3246,20210331,7911,"TOPPAN PRINTING CO.,LTD.",凸版印刷,First Section (Domestic),3800,Other Products,10,"IT & SERVICES, OTHERS ",4,TOPIX Mid400
3247,20210331,7912,"Dai Nippon Printing Co.,Ltd.",大日本印刷,First Section (Domestic),3800,Other Products,10,"IT & SERVICES, OTHERS ",4,TOPIX Mid400
3262,20210331,7936,ASICS Corporation,アシックス,First Section (Domestic),3800,Other Products,10,"IT & SERVICES, OTHERS ",4,TOPIX Mid400
3272,20210331,7947,FP CORPORATION,エフピコ,First Section (Domestic),3200,Chemicals,4,RAW MATERIALS & CHEMICALS ,4,TOPIX Mid400
3274,20210331,7951,YAMAHA CORPORATION,ヤマハ,First Section (Domestic),3800,Other Products,10,"IT & SERVICES, OTHERS ",4,TOPIX Mid400
3278,20210331,7956,PIGEON CORPORATION,ピジョン,First Section (Domestic),3800,Other Products,10,"IT & SERVICES, OTHERS ",4,TOPIX Mid400
3286,20210331,7966,LINTEC Corporation,リンテック,First Section (Domestic),3800,Other Products,10,"IT & SERVICES, OTHERS ",4,TOPIX Mid400
3290,20210331,7974,"Nintendo Co.,Ltd.",任天堂,First Section (Domestic),3800,Other Products,10,"IT & SERVICES, OTHERS ",1,TOPIX Core30
3297,20210331,7984,"KOKUYO CO.,LTD.",コクヨ,First Section (Domestic),3800,Other Products,10,"IT & SERVICES, OTHERS ",4,TOPIX Mid400
3301,20210331,7988,NIFCO INC.,ニフコ,First Section (Domestic),3200,Chemicals,4,RAW MATERIALS & CHEMICALS ,4,TOPIX Mid400
3310,20210331,8001,ITOCHU Corporation,伊藤忠商事,First Section (Domestic),6050,Wholesale Trade,13,COMMERCIAL & WHOLESALE TRADE ,1,TOPIX Core30
3311,20210331,8002,Marubeni Corporation,丸紅,First Section (Domestic),6050,Wholesale Trade,13,COMMERCIAL & WHOLESALE TRADE ,2,TOPIX Large70
3317,20210331,8012,"NAGASE & CO.,LTD.",長瀬産業,First Section (Domestic),6050,Wholesale Trade,13,COMMERCIAL & WHOLESALE TRADE ,4,TOPIX Mid400
3320,20210331,8015,TOYOTA TSUSHO CORPORATION,豊田通商,First Section (Domestic),6050,Wholesale Trade,13,COMMERCIAL & WHOLESALE TRADE ,4,TOPIX Mid400
3329,20210331,8031,"MITSUI & CO.,LTD.",三井物産,First Section (Domestic),6050,Wholesale Trade,13,COMMERCIAL & WHOLESALE TRADE ,1,TOPIX Core30
3331,20210331,8035,Tokyo Electron Limited,東京エレクトロン,First Section (Domestic),3650,Electric Appliances,9,ELECTRIC APPLIANCES & PRECISION INSTRUMENTS ,2,TOPIX Large70
3343,20210331,8053,"SUMITOMO CORPORATION (SUMITOMO SHOJI KAISHA,LTD.)",住友商事,First Section (Domestic),6050,Wholesale Trade,13,COMMERCIAL & WHOLESALE TRADE ,2,TOPIX Large70
3344,20210331,8056,"Nihon Unisys,Ltd.",日本ユニシス,First Section (Domestic),5250,Information & Communication,10,"IT & SERVICES, OTHERS ",4,TOPIX Mid400
3346,20210331,8058,Mitsubishi Corporation,三菱商事,First Section (Domestic),6050,Wholesale Trade,13,COMMERCIAL & WHOLESALE TRADE ,1,TOPIX Core30
3348,20210331,8060,Canon Marketing Japan Inc.,キヤノンマーケティングジャパン,First Section (Domestic),6050,Wholesale Trade,13,COMMERCIAL & WHOLESALE TRADE ,4,TOPIX Mid400
3363,20210331,8086,NIPRO CORPORATION,ニプロ,First Section (Domestic),3750,Precision Instruments,9,ELECTRIC APPLIANCES & PRECISION INSTRUMENTS ,4,TOPIX Mid400
3365,20210331,8088,IWATANI  CORPORATION,岩谷産業,First Section (Domestic),6050,Wholesale Trade,13,COMMERCIAL & WHOLESALE TRADE ,4,TOPIX Mid400
3380,20210331,8111,GOLDWIN INC.,ゴールドウイン,First Section (Domestic),3100,Textiles and Apparels,4,RAW MATERIALS & CHEMICALS ,4,TOPIX Mid400
3381,20210331,8113,UNICHARM CORPORATION,ユニ・チャーム,First Section (Domestic),3200,Chemicals,4,RAW MATERIALS & CHEMICALS ,2,TOPIX Large70
3390,20210331,8129,"TOHO HOLDINGS CO.,LTD.",東邦ホールディングス,First Section (Domestic),6050,Wholesale Trade,13,COMMERCIAL & WHOLESALE TRADE ,4,TOPIX Mid400
3391,20210331,8130,Sangetsu Corporation,サンゲツ,First Section (Domestic),6050,Wholesale Trade,13,COMMERCIAL & WHOLESALE TRADE ,4,TOPIX Mid400
3396,20210331,8136,"Sanrio Company,Ltd.",サンリオ,First Section (Domestic),6050,Wholesale Trade,13,COMMERCIAL & WHOLESALE TRADE ,4,TOPIX Mid400
3443,20210331,8227,"SHIMAMURA Co.,Ltd.",しまむら,First Section (Domestic),6100,Retail Trade,14,RETAIL TRADE ,4,TOPIX Mid400
3445,20210331,8233,"Takashimaya Company,Limited",高島屋,First Section (Domestic),6100,Retail Trade,14,RETAIL TRADE ,4,TOPIX Mid400
3451,20210331,8252,"MARUI GROUP CO.,LTD.",丸井グループ,First Section (Domestic),6100,Retail Trade,14,RETAIL TRADE ,4,TOPIX Mid400
3452,20210331,8253,"Credit Saison Co.,Ltd.",クレディセゾン,First Section (Domestic),7200,Other Financing Business,16,FINANCIALS （EX BANKS） ,4,TOPIX Mid400
3457,20210331,8267,"AEON CO.,LTD.",イオン,First Section (Domestic),6100,Retail Trade,14,RETAIL TRADE ,2,TOPIX Large70
3458,20210331,8273,"IZUMI CO.,LTD.",イズミ,First Section (Domestic),6100,Retail Trade,14,RETAIL TRADE ,4,TOPIX Mid400
3462,20210331,8279,"YAOKO CO.,LTD",ヤオコー,First Section (Domestic),6100,Retail Trade,14,RETAIL TRADE ,4,TOPIX Mid400
3464,20210331,8282,K'S HOLDINGS CORPORATION,ケーズホールディングス,First Section (Domestic),6100,Retail Trade,14,RETAIL TRADE ,4,TOPIX Mid400
3465,20210331,8283,PALTAC CORPORATION,ＰＡＬＴＡＣ,First Section (Domestic),6050,Wholesale Trade,13,COMMERCIAL & WHOLESALE TRADE ,4,TOPIX Mid400
3472,20210331,8303,"Shinsei Bank,Limited",新生銀行,First Section (Domestic),7050,Banks,15,BANKS ,4,TOPIX Mid400
3473,20210331,8304,"Aozora Bank,Ltd.",あおぞら銀行,First Section (Domestic),7050,Banks,15,BANKS ,4,TOPIX Mid400
3474,20210331,8306,"Mitsubishi UFJ Financial Group,Inc.",三菱ＵＦＪフィナンシャル・グループ,First Section (Domestic),7050,Banks,15,BANKS ,1,TOPIX Core30
3475,20210331,8308,"Resona Holdings, Inc.",りそなホールディングス,First Section (Domestic),7050,Banks,15,BANKS ,2,TOPIX Large70
3476,20210331,8309,"Sumitomo Mitsui Trust Holdings,Inc.",三井住友トラスト・ホールディングス,First Section (Domestic),7050,Banks,15,BANKS ,2,TOPIX Large70
3477,20210331,8316,"Sumitomo Mitsui Financial Group,Inc.",三井住友フィナンシャルグループ,First Section (Domestic),7050,Banks,15,BANKS ,1,TOPIX Core30
3478,20210331,8331,"The Chiba Bank,Ltd.",千葉銀行,First Section (Domestic),7050,Banks,15,BANKS ,4,TOPIX Mid400
3479,20210331,8334,"The Gunma Bank,Ltd.",群馬銀行,First Section (Domestic),7050,Banks,15,BANKS ,4,TOPIX Mid400
3483,20210331,8341,"The 77 Bank,Ltd.",七十七銀行,First Section (Domestic),7050,Banks,15,BANKS ,4,TOPIX Mid400
3491,20210331,8354,"Fukuoka Financial Group,Inc.",ふくおかフィナンシャルグループ,First Section (Domestic),7050,Banks,15,BANKS ,4,TOPIX Mid400
3492,20210331,8355,"THE SHIZUOKA BANK,LTD.",静岡銀行,First Section (Domestic),7050,Banks,15,BANKS ,4,TOPIX Mid400
3495,20210331,8359,"The Hachijuni Bank,Ltd.",八十二銀行,First Section (Domestic),7050,Banks,15,BANKS ,4,TOPIX Mid400
3502,20210331,8366,"THE SHIGA BANK,LTD.",滋賀銀行,First Section (Domestic),7050,Banks,15,BANKS ,4,TOPIX Mid400
3505,20210331,8369,"The Bank of Kyoto,Ltd.",京都銀行,First Section (Domestic),7050,Banks,15,BANKS ,4,TOPIX Mid400
3507,20210331,8377,"Hokuhoku Financial Group, Inc.",ほくほくフィナンシャルグループ,First Section (Domestic),7050,Banks,15,BANKS ,4,TOPIX Mid400
3509,20210331,8382,"The Chugoku Bank,Limited",中国銀行,First Section (Domestic),7050,Banks,15,BANKS ,4,TOPIX Mid400
3511,20210331,8385,"The Iyo Bank,Ltd.",伊予銀行,First Section (Domestic),7050,Banks,15,BANKS ,4,TOPIX Mid400
3520,20210331,8410,"Seven Bank,Ltd.",セブン銀行,First Section (Domestic),7050,Banks,15,BANKS ,4,TOPIX Mid400
3521,20210331,8411,"Mizuho Financial Group,Inc.",みずほフィナンシャルグループ,First Section (Domestic),7050,Banks,15,BANKS ,1,TOPIX Core30
3523,20210331,8418,"Yamaguchi Financial Group,Inc.",山口フィナンシャルグループ,First Section (Domestic),7050,Banks,15,BANKS ,4,TOPIX Mid400
3527,20210331,8439,Tokyo Century Corporation,東京センチュリー,First Section (Domestic),7200,Other Financing Business,16,FINANCIALS （EX BANKS） ,4,TOPIX Mid400
3529,20210331,8473,"SBI Holdings,Inc.",ＳＢＩホールディングス,First Section (Domestic),7100,Securities and Commodities Futures,16,FINANCIALS （EX BANKS） ,4,TOPIX Mid400
3549,20210331,8570,"AEON Financial Service Co.,Ltd.",イオンフィナンシャルサービス,First Section (Domestic),7200,Other Financing Business,16,FINANCIALS （EX BANKS） ,4,TOPIX Mid400
3550,20210331,8572,"ACOM CO.,LTD.",アコム,First Section (Domestic),7200,Other Financing Business,16,FINANCIALS （EX BANKS） ,4,TOPIX Mid400
3553,20210331,8591,ORIX CORPORATION,オリックス,First Section (Domestic),7200,Other Financing Business,16,FINANCIALS （EX BANKS） ,2,TOPIX Large70
3554,20210331,8593,Mitsubishi UFJ Lease & Finance Company Limited,三菱ＵＦＪリース,First Section (Domestic),7200,Other Financing Business,16,FINANCIALS （EX BANKS） ,4,TOPIX Mid400
3555,20210331,8595,"JAFCO Group Co.,Ltd.",ジャフコ　グループ,First Section (Domestic),7100,Securities and Commodities Futures,16,FINANCIALS （EX BANKS） ,4,TOPIX Mid400
3558,20210331,8601,Daiwa Securities Group Inc.,大和証券グループ本社,First Section (Domestic),7100,Securities and Commodities Futures,16,FINANCIALS （EX BANKS） ,2,TOPIX Large70
3559,20210331,8604,"Nomura Holdings, Inc.",野村ホールディングス,First Section (Domestic),7100,Securities and Commodities Futures,16,FINANCIALS （EX BANKS） ,2,TOPIX Large70
3567,20210331,8628,"MATSUI SECURITIES CO.,LTD.",松井証券,First Section (Domestic),7100,Securities and Commodities Futures,16,FINANCIALS （EX BANKS） ,4,TOPIX Mid400
3568,20210331,8630,"Sompo Holdings,Inc.",ＳＯＭＰＯホールディングス,First Section (Domestic),7150,Insurance,16,FINANCIALS （EX BANKS） ,2,TOPIX Large70
3569,20210331,8697,"Japan Exchange Group,Inc.",日本取引所グループ,First Section (Domestic),7200,Other Financing Business,16,FINANCIALS （EX BANKS） ,2,TOPIX Large70
3581,20210331,8725,"MS&AD Insurance Group Holdings,Inc.",ＭＳ＆ＡＤインシュアランスグループホールディングス,First Section (Domestic),7150,Insurance,16,FINANCIALS （EX BANKS） ,2,TOPIX Large70
3589,20210331,8750,"Dai-ichi Life Holdings,Inc.",第一生命ホールディングス,First Section (Domestic),7150,Insurance,16,FINANCIALS （EX BANKS） ,2,TOPIX Large70
3590,20210331,8766,"Tokio Marine Holdings,Inc.",東京海上ホールディングス,First Section (Domestic),7150,Insurance,16,FINANCIALS （EX BANKS） ,1,TOPIX Core30
3597,20210331,8795,"T&D Holdings, Inc.",Ｔ＆Ｄホールディングス,First Section (Domestic),7150,Insurance,16,FINANCIALS （EX BANKS） ,4,TOPIX Mid400
3599,20210331,8801,"Mitsui Fudosan Co.,Ltd.",三井不動産,First Section (Domestic),8050,Real Estate,17,REAL ESTATE ,2,TOPIX Large70
3600,20210331,8802,"Mitsubishi Estate Company,Limited",三菱地所,First Section (Domestic),8050,Real Estate,17,REAL ESTATE ,2,TOPIX Large70
3602,20210331,8804,"Tokyo Tatemono Co.,Ltd.",東京建物,First Section (Domestic),8050,Real Estate,17,REAL ESTATE ,4,TOPIX Mid400
3605,20210331,8830,"Sumitomo Realty & Development Co.,Ltd.",住友不動産,First Section (Domestic),8050,Real Estate,17,REAL ESTATE ,2,TOPIX Large70
3618,20210331,8876,"Relo Group,Inc.",リログループ,First Section (Domestic),9050,Services,10,"IT & SERVICES, OTHERS ",4,TOPIX Mid400
3633,20210331,8905,"AEON Mall Co.,Ltd.",イオンモール,First Section (Domestic),8050,Real Estate,17,REAL ESTATE ,4,TOPIX Mid400
3683,20210331,9001,"TOBU RAILWAY CO.,LTD.",東武鉄道,First Section (Domestic),5050,Land Transportation,12,TRANSPORTATION & LOGISTICS ,4,TOPIX Mid400
3684,20210331,9003,"Sotetsu Holdings,Inc.",相鉄ホールディングス,First Section (Domestic),5050,Land Transportation,12,TRANSPORTATION & LOGISTICS ,4,TOPIX Mid400
3685,20210331,9005,TOKYU CORPORATION,東急,First Section (Domestic),5050,Land Transportation,12,TRANSPORTATION & LOGISTICS ,4,TOPIX Mid400
3686,20210331,9006,Keikyu Corporation,京浜急行電鉄,First Section (Domestic),5050,Land Transportation,12,TRANSPORTATION & LOGISTICS ,4,TOPIX Mid400
3687,20210331,9007,"Odakyu Electric Railway Co.,Ltd.",小田急電鉄,First Section (Domestic),5050,Land Transportation,12,TRANSPORTATION & LOGISTICS ,4,TOPIX Mid400
3688,20210331,9008,Keio Corporation,京王電鉄,First Section (Domestic),5050,Land Transportation,12,TRANSPORTATION & LOGISTICS ,4,TOPIX Mid400
3689,20210331,9009,"Keisei Electric Railway Co.,Ltd.",京成電鉄,First Section (Domestic),5050,Land Transportation,12,TRANSPORTATION & LOGISTICS ,4,TOPIX Mid400
3694,20210331,9020,East Japan Railway Company,東日本旅客鉄道,First Section (Domestic),5050,Land Transportation,12,TRANSPORTATION & LOGISTICS ,2,TOPIX Large70
3695,20210331,9021,West Japan Railway Company,西日本旅客鉄道,First Section (Domestic),5050,Land Transportation,12,TRANSPORTATION & LOGISTICS ,2,TOPIX Large70
3696,20210331,9022,Central Japan Railway Company,東海旅客鉄道,First Section (Domestic),5050,Land Transportation,12,TRANSPORTATION & LOGISTICS ,1,TOPIX Core30
3697,20210331,9024,SEIBU HOLDINGS INC.,西武ホールディングス,First Section (Domestic),5050,Land Transportation,12,TRANSPORTATION & LOGISTICS ,4,TOPIX Mid400
3701,20210331,9031,"Nishi-Nippon Railroad Co.,Ltd.",西日本鉄道,First Section (Domestic),5050,Land Transportation,12,TRANSPORTATION & LOGISTICS ,4,TOPIX Mid400
3707,20210331,9041,"Kintetsu Group Holdings Co.,Ltd.",近鉄グループホールディングス,First Section (Domestic),5050,Land Transportation,12,TRANSPORTATION & LOGISTICS ,4,TOPIX Mid400
3708,20210331,9042,"Hankyu Hanshin Holdings,Inc.",阪急阪神ホールディングス,First Section (Domestic),5050,Land Transportation,12,TRANSPORTATION & LOGISTICS ,4,TOPIX Mid400
3709,20210331,9044,"Nankai Electric Railway Co.,Ltd.",南海電気鉄道,First Section (Domestic),5050,Land Transportation,12,TRANSPORTATION & LOGISTICS ,4,TOPIX Mid400
3710,20210331,9045,"Keihan Holdings Co.,Ltd.",京阪ホールディングス,First Section (Domestic),5050,Land Transportation,12,TRANSPORTATION & LOGISTICS ,4,TOPIX Mid400
3712,20210331,9048,"Nagoya Railroad Co., Ltd.",名古屋鉄道,First Section (Domestic),5050,Land Transportation,12,TRANSPORTATION & LOGISTICS ,4,TOPIX Mid400
3721,20210331,9062,"NIPPON EXPRESS CO.,LTD.",日本通運,First Section (Domestic),5050,Land Transportation,12,TRANSPORTATION & LOGISTICS ,4,TOPIX Mid400
3723,20210331,9064,"YAMATO HOLDINGS CO.,LTD.",ヤマトホールディングス,First Section (Domestic),5050,Land Transportation,12,TRANSPORTATION & LOGISTICS ,4,TOPIX Mid400
3724,20210331,9065,SANKYU INC.,山九,First Section (Domestic),5050,Land Transportation,12,TRANSPORTATION & LOGISTICS ,4,TOPIX Mid400
3730,20210331,9072,"NIKKON Holdings Co.,Ltd.",ニッコンホールディングス,First Section (Domestic),5050,Land Transportation,12,TRANSPORTATION & LOGISTICS ,4,TOPIX Mid400
3734,20210331,9076,"SEINO HOLDINGS CO.,LTD.",セイノーホールディングス,First Section (Domestic),5050,Land Transportation,12,TRANSPORTATION & LOGISTICS ,4,TOPIX Mid400
3743,20210331,9101,Nippon Yusen Kabushiki Kaisha,日本郵船,First Section (Domestic),5100,Marine Transportation,12,TRANSPORTATION & LOGISTICS ,4,TOPIX Mid400
3744,20210331,9104,"Mitsui O.S.K.Lines,Ltd.",商船三井,First Section (Domestic),5100,Marine Transportation,12,TRANSPORTATION & LOGISTICS ,4,TOPIX Mid400
3751,20210331,9142,Kyushu Railway Company,九州旅客鉄道,First Section (Domestic),5050,Land Transportation,12,TRANSPORTATION & LOGISTICS ,4,TOPIX Mid400
3752,20210331,9143,"SG HOLDINGS CO.,LTD.",ＳＧホールディングス,First Section (Domestic),5050,Land Transportation,12,TRANSPORTATION & LOGISTICS ,4,TOPIX Mid400
3759,20210331,9201,"Japan Airlines Co.,Ltd.",日本航空,First Section (Domestic),5150,Air Transportation,12,TRANSPORTATION & LOGISTICS ,4,TOPIX Mid400
3760,20210331,9202,ANA HOLDINGS INC.,ＡＮＡホールディングス,First Section (Domestic),5150,Air Transportation,12,TRANSPORTATION & LOGISTICS ,2,TOPIX Large70
3789,20210331,9301,Mitsubishi Logistics Corporation,三菱倉庫,First Section (Domestic),5200,Warehousing and Harbor Transportation Service,12,TRANSPORTATION & LOGISTICS ,4,TOPIX Mid400
3816,20210331,9364,"Kamigumi Co.,Ltd.",上組,First Section (Domestic),5200,Warehousing and Harbor Transportation Service,12,TRANSPORTATION & LOGISTICS ,4,TOPIX Mid400
3832,20210331,9401,"TBS HOLDINGS,INC.",ＴＢＳホールディングス,First Section (Domestic),5250,Information & Communication,10,"IT & SERVICES, OTHERS ",4,TOPIX Mid400
3833,20210331,9404,"Nippon Television Holdings,Inc.",日本テレビホールディングス,First Section (Domestic),5250,Information & Communication,10,"IT & SERVICES, OTHERS ",4,TOPIX Mid400
3836,20210331,9409,TV Asahi Holdings Corporation,テレビ朝日ホールディングス,First Section (Domestic),5250,Information & Communication,10,"IT & SERVICES, OTHERS ",4,TOPIX Mid400
3850,20210331,9432,NIPPON TELEGRAPH AND TELEPHONE CORPORATION,日本電信電話,First Section (Domestic),5250,Information & Communication,10,"IT & SERVICES, OTHERS ",1,TOPIX Core30
3851,20210331,9433,KDDI CORPORATION,ＫＤＤＩ,First Section (Domestic),5250,Information & Communication,10,"IT & SERVICES, OTHERS ",1,TOPIX Core30
3852,20210331,9434,SoftBank Corp.,ソフトバンク,First Section (Domestic),5250,Information & Communication,10,"IT & SERVICES, OTHERS ",2,TOPIX Large70
3853,20210331,9435,"HIKARI TSUSHIN,INC.",光通信,First Section (Domestic),5250,Information & Communication,10,"IT & SERVICES, OTHERS ",4,TOPIX Mid400
3861,20210331,9449,GMO internet Inc.,ＧＭＯインターネット,First Section (Domestic),5250,Information & Communication,10,"IT & SERVICES, OTHERS ",4,TOPIX Mid400
3873,20210331,9501,"Tokyo Electric Power Company Holdings,Incorporated",東京電力ホールディングス,First Section (Domestic),4050,Electric Power and Gas,11,ELECTRIC POWER & GAS ,4,TOPIX Mid400
3874,20210331,9502,"Chubu Electric Power Company,Incorporated",中部電力,First Section (Domestic),4050,Electric Power and Gas,11,ELECTRIC POWER & GAS ,2,TOPIX Large70
3875,20210331,9503,"The Kansai Electric Power Company,Incorporated",関西電力,First Section (Domestic),4050,Electric Power and Gas,11,ELECTRIC POWER & GAS ,2,TOPIX Large70
3876,20210331,9504,"The Chugoku Electric Power Company,Incorporated",中国電力,First Section (Domestic),4050,Electric Power and Gas,11,ELECTRIC POWER & GAS ,4,TOPIX Mid400
3877,20210331,9505,Hokuriku Electric Power Company,北陸電力,First Section (Domestic),4050,Electric Power and Gas,11,ELECTRIC POWER & GAS ,4,TOPIX Mid400
3878,20210331,9506,"Tohoku Electric Power Company,Incorporated",東北電力,First Section (Domestic),4050,Electric Power and Gas,11,ELECTRIC POWER & GAS ,4,TOPIX Mid400
3879,20210331,9507,"Shikoku Electric Power Company,Incorporated",四国電力,First Section (Domestic),4050,Electric Power and Gas,11,ELECTRIC POWER & GAS ,4,TOPIX Mid400
3880,20210331,9508,"Kyushu Electric Power Company,Incorporated",九州電力,First Section (Domestic),4050,Electric Power and Gas,11,ELECTRIC POWER & GAS ,4,TOPIX Mid400
3881,20210331,9509,"Hokkaido Electric Power Company,Incorporated",北海道電力,First Section (Domestic),4050,Electric Power and Gas,11,ELECTRIC POWER & GAS ,4,TOPIX Mid400
3883,20210331,9513,"Electric Power Development Co.,Ltd.",電源開発,First Section (Domestic),4050,Electric Power and Gas,11,ELECTRIC POWER & GAS ,4,TOPIX Mid400
3887,20210331,9531,"TOKYO GAS CO.,LTD.",東京瓦斯,First Section (Domestic),4050,Electric Power and Gas,11,ELECTRIC POWER & GAS ,2,TOPIX Large70
3888,20210331,9532,"OSAKA GAS CO.,LTD.",大阪瓦斯,First Section (Domestic),4050,Electric Power and Gas,11,ELECTRIC POWER & GAS ,4,TOPIX Mid400
3889,20210331,9533,"TOHO GAS CO.,LTD.",東邦瓦斯,First Section (Domestic),4050,Electric Power and Gas,11,ELECTRIC POWER & GAS ,4,TOPIX Mid400
3898,20210331,9601,"Shochiku Co.,Ltd.",松竹,First Section (Domestic),5250,Information & Communication,10,"IT & SERVICES, OTHERS ",4,TOPIX Mid400
3899,20210331,9602,"TOHO CO.,LTD",東宝,First Section (Domestic),5250,Information & Communication,10,"IT & SERVICES, OTHERS ",4,TOPIX Mid400
3904,20210331,9613,NTT DATA CORPORATION,エヌ・ティ・ティ・データ,First Section (Domestic),5250,Information & Communication,10,"IT & SERVICES, OTHERS ",4,TOPIX Mid400
3911,20210331,9627,AIN HOLDINGS INC.,アインホールディングス,First Section (Domestic),6100,Retail Trade,14,RETAIL TRADE ,4,TOPIX Mid400
3936,20210331,9684,"SQUARE ENIX HOLDINGS CO.,LTD.",スクウェア・エニックス・ホールディングス,First Section (Domestic),5250,Information & Communication,10,"IT & SERVICES, OTHERS ",4,TOPIX Mid400
3944,20210331,9697,"CAPCOM CO.,LTD.",カプコン,First Section (Domestic),5250,Information & Communication,10,"IT & SERVICES, OTHERS ",4,TOPIX Mid400
3950,20210331,9706,"Japan Airport Terminal Co.,ltd.",日本空港ビルデング,First Section (Domestic),8050,Real Estate,17,REAL ESTATE ,4,TOPIX Mid400
3958,20210331,9719,SCSK Corporation,ＳＣＳＫ,First Section (Domestic),5250,Information & Communication,10,"IT & SERVICES, OTHERS ",4,TOPIX Mid400
3968,20210331,9735,"SECOM CO.,LTD.",セコム,First Section (Domestic),9050,Services,10,"IT & SERVICES, OTHERS ",2,TOPIX Large70
3973,20210331,9744,MEITEC CORPORATION,メイテック,First Section (Domestic),9050,Services,10,"IT & SERVICES, OTHERS ",4,TOPIX Mid400
3985,20210331,9766,KONAMI HOLDINGS CORPORATION,コナミホールディングス,First Section (Domestic),5250,Information & Communication,10,"IT & SERVICES, OTHERS ",4,TOPIX Mid400
3993,20210331,9783,"Benesse Holdings,Inc.",ベネッセホールディングス,First Section (Domestic),9050,Services,10,"IT & SERVICES, OTHERS ",4,TOPIX Mid400
4013,20210331,9831,"YAMADA HOLDINGS CO.,LTD.",ヤマダホールディングス,First Section (Domestic),6100,Retail Trade,14,RETAIL TRADE ,4,TOPIX Mid400
4014,20210331,9832,"AUTOBACS SEVEN CO.,LTD.",オートバックスセブン,First Section (Domestic),6050,Wholesale Trade,13,COMMERCIAL & WHOLESALE TRADE ,4,TOPIX Mid400
4018,20210331,9843,"Nitori Holdings Co.,Ltd.",ニトリホールディングス,First Section (Domestic),6100,Retail Trade,14,RETAIL TRADE ,2,TOPIX Large70
4028,20210331,9861,"YOSHINOYA HOLDINGS CO.,LTD.",吉野家ホールディングス,First Section (Domestic),6100,Retail Trade,14,RETAIL TRADE ,4,TOPIX Mid400
4070,20210331,9962,MISUMI Group Inc.,ミスミグループ本社,First Section (Domestic),6050,Wholesale Trade,13,COMMERCIAL & WHOLESALE TRADE ,4,TOPIX Mid400
4084,20210331,9983,"FAST RETAILING CO.,LTD.",ファーストリテイリング,First Section (Domestic),6100,Retail Trade,14,RETAIL TRADE ,2,TOPIX Large70
4085,20210331,9984,SoftBank Group Corp.,ソフトバンクグループ,First Section (Domestic),5250,Information & Communication,10,"IT & SERVICES, OTHERS ",1,TOPIX Core30
4087,20210331,9987,"SUZUKEN CO.,LTD.",スズケン,First Section (Domestic),6050,Wholesale Trade,13,COMMERCIAL & WHOLESALE TRADE ,4,TOPIX Mid400
4088,20210331,9989,"SUNDRUG CO.,LTD.",サンドラッグ,First Section (Domestic),6100,Retail Trade,14,RETAIL TRADE ,4,TOPIX Mid400
